"db","index","title","authors","abstract"
"medicLatina","1.
		","Years of life lost as a measure of cancer burden in Colombia, 1997-2012. ","By: de Vries, Esther; Ximena Meneses, María; Piñeros, Marion. ","Introduction: Hardly any information exists regarding years of life lost by cancer in Colombia. Objective: To quantify the total and average years of life lost due to cancer in Colombia and inves..."
"medicLatina","2.
		","Detección temprana de la escoliosis idiopática del adolescente: una estrategia en controversia. (Spanish) ","By: Robles Ortiz, Marcos Joaquín; Sánchez Bringasa, Guadalupe; Reyes Sánchez, Alejandro Antonio. ","Adolescent idiopathic scoliosis (EIA), consists of a three-dimensional deformity of the structure of the spine in the coronal, sagittal and rotational planes affecting healthy subjects ranging fr..."
"medicLatina","3.
		","BARRERAS PARA IMPLEMENTAR EL DESPISTAJE, INTERVENCIONES BREVES Y REFERENCIA AL TRATAMIENTO POR PROBLEMAS DE CONSUMO DE ALCOHOL Y OTRAS DROGAS EN HOSPITALES QUE ATIENDEN PERSONAS QUE VIVEN CON EL VIH/SIDA EN EL PERÚ. (Spanish) ","By: Hoffman, Kim A.; Beltrán, Jessica; Ponce, Javier; García-Fernandez, Lisset; Calderón, María; Muench, John; Benites, Carlos; Soto, Leslie; McCarty, Dennis; Fiestas, Fabián. ","Objectives. Screening and treatment for substance use among people living with HIV/AIDS (PLWHA) is highly recommended. Nevertheless, in Peru healthcare for PLWHA does not include a standardized o..."
"medicLatina","4.
		","Knowledge, attitudes and practices of prevention for cervical cancer and breast cancer among medical students. ","By: Rodríguez-Feria, Pablo; Hernández-Flórez, Luis J.; Rodríguez-Feria, Daniela. ","Objective To assess the knowledge, attitudes and practices of medical students for health promotion, primary prevention and early detection of breast neoplasm and uterine cervical neoplasm, as we..."
"medicLatina","5.
		","Métodos diagnósticos en hipertensión portal. (Spanish) ","By: Pareja Q., Juan Sebastián; Restrepo G., Juan Carlos. ","Portal hypertension is one of the most frequent complications in the natural course of liver disease. It results from increased hepatic vascular resistance and determines the development of other..."
"medicLatina","6.
		","MANEJO QUIRÚRGICO DEL CÁNCER EPITELIAL DE OVARIO: GUÍA DE PRÁCTICA CLÍNICA DE LA ASOCIACIÓN COLOMBIANA DE GINECÓLOGOS ONCÓLOGOS (ASCGO). (Spanish) ","Unknow","Introduction: Epithelial ovarian cancer is the primary cause of death from gynaecological cancer in the world. In Colombia, every year there are 8.7 new cases for 100,000 women and more than 800 ..."
"medicLatina","7.
		","Conocimiento, percepción y disposición sobre el examen de próstata en hombres mayores de 40 años. (Spanish) ","By: Fajardo-Zapata, Álvaro; Jaimes-Monroy, Gustavo. ","Background. The examination of the prostate is one of the early detection ways available to prevent prostatic cancer, a pathology that ranks as the first cause of morbidity and the second of mort..."
"medicLatina","8.
		","Clasificación mastográfica y ultrasonográfica del BIRADS y su correlación con los hallazgos histopatológicos. (Spanish) ","By: Acosta-Martínez, M.; Karchmer-Krivitzky, S.; Melgar-Barriga, G.; Molinar-Horcasitas, M. L.; Garza-Arrieta, J. ","BACKGROUND: Screening programs for breast cancer include self and clinical examination and Imaging studies to obtain the BIRADS (Breast Imaging Reporting and Data System) grade has been described..."
"medicLatina","9.
		","Estimating the indirect costs associated with the expected number of cancer cases in Mexico by 2020. ","By: Gutiérrez-Delgado, Cristina; Armas-Texta, Daniel; Reynoso-Noverón, Nancy; Meneses-García, Abelardo; Mohar-Betancourt, Alejandro. ","Objective. To estimate the indirect costs generated by adults with cancer in Mexico from 2002-2020. Materials and methods. Using information from national sources and the national cancer incidenc..."
"medicLatina","10.
		","Challenges in the development and implementation of the National Comprehensive Cancer Control Program in Mexico. ","By: Reynoso-Noverón, Nancy; Meneses-García, Abelardo; Erazo-Valle, Aura; Escudero-de los Ríos, Pedro; Kuri-Morales, Pablo Antonio; Mohar-Betancourt, Alejandro. ","Chronic noncommunicable diseases (NCDs), including cancer, have become the leading cause of human morbidity and mortality. In Mexico, cancer is the third leading cause of death, with a high incid..."
"medicLatina","11.
		","DETECCIÓN MOLECULAR Y GENOTIPIFICACIÓN DE VIRUS DEL PAPILOMA HUMANO COMO TAMIZAJE DE CÁNCER DE CUELLO UTERINO: POSIBILIDADES EN EL CONTEXTO PERUANO. (Spanish) ","By: Li, Walter; Padilla, Carlos; Gutiérrez, Ericson; Hijar, Gisely. ","El cáncer de cuello uterino (CCU) sigue siendo una importante causa de muerte en las mujeres de países en desarrollo, donde el tamizaje primario con citología cervical no ha logrado reducir la pr..."
"medicLatina","12.
		","Informe de caso sobre cardiomiopatía periparto: rara, desconocida y potencialmente fatal. (Spanish) ","By: Laverde-Sabogal, Carlos Eduardo; Garnica-Rosas, Lina María; Correa-González, Néstor. ","Objectives: To present a clinical case and to conduct a non-systematic review of the literature on peripartum cardiomyopathy, and to describe its incidence, aetiology and pathophysiology. Materia..."
"medicLatina","13.
		","Características clínicas y descompensación en pacientes con cirrosis hepática atendidos en dos centros de hepatología en la ciudad de Bogotá D.C., 2010-2014. (Spanish) ","By: Prieto O., Jhon E.; Santiago Sánchez P.; Prieto O., Robin G.; Rojas D., Ever L.; González, Lupita; Mendivelso, Fredy. ","Introduction: Cirrhosis is the final medical condition of various progressive liver disease. Its prevalence varies from one country to another. Currently alcohol abuse, non-alcoholic fatty liver ..."
"medicLatina","14.
		","Rescate de un acceso vascular para hemodiálisis. A propósito de un caso. (Spanish) ","By: Crehuet Rodríguez, Isabel; Bernárdez Lemus, María Albina; Toribio Manrique, Beatriz; Sánchez Arribas, María del Mar; Villa Ruíz, Raquel; Ramírez Crehuet, Marta. ","The best vascular access (VA) for hemodialysis (HD) is undoubtedly the native arteriovenous fistula (AVF) as presents more advantages and fewer complications than other vascular access. Nursing, ..."
"medicLatina","15.
		","Bruxismo de sueño en niños y adolescentes. (Spanish) ","By: Firmani, Mónica; Reyes, Milton; Becerra, Nilda; Flores, Guillermo; Weitzman, Mariana; Espinosa, Paula. ","Bruxism is a rhythmic masticatory muscle activity, characterized by teeth grinding and clenching. This is a phenomenon mainly regulated by the central nervous system and peripherally influenced. ..."
"medicLatina","16.
		","GUÍA DE PRÁCTICA CLÍNICA PARA LA PREVENCIÓN, DETECCIÓN TEMPRANA Y TRATAMIENTO DE LAS COMPLICACIONES DEL EMBARAZO, PARTO Y PUERPERIO: SECCIÓN 3. INFECCIONES EN EL EMBARAZO: RUPTURA PREMATURA DE MEMBRANAS (RPM). (Spanish) ","Unknow","Objective: To make recommendations for care in pregnancies with Premature Rupture of Membranes, as an integral part of the Clinical Practice Guidelines (CPG) for the prevention, early detection a..."
"medicLatina","17.
		","Detección de trastornos de la conducta alimentaria en una unidad de alcoholismo. (Spanish) ","By: Muñoz Algar, María José; Bernal García, Patricia; Poyo Calvo, Félix. ","Introduction: The coexistence of eating behaviour disorders and substance abuse has been in the focus of clinical research for several decades with large and contradictory literature results. The..."
"medicLatina","18.
		","Caracterización de gestantes en la empresa social del Estado Santiago de Tunja, primer semestre de 2013. (Spanish) ","By: ESTEBAN REBELLóN, DAVID; JULIETH PARRA, TANIA; HERNáNDEZ, FREDY; VALENCIA, FERNEY; FERNANDO LINARES, ANDRéS; RODRíGUEZ, ANA YERVID; ALEXANDRA VARGAS, LUDY. ","Introduccion: Physicological changes, sociodemographic, clinical and obstetric conditions during pregnancy lead to alterations predispose morbimortality in pregnant women. This study aims to char..."
"medicLatina","19.
		","Detección primaria del cáncer cervicouterino. (Spanish) ","By: Vargas-Hernández, Víctor Manuel; Vargas-Aguilar, Víctor Manuel; Tovar-Rodríguez, José María. ","Cervicouterine cancer screening with citology decrease incidence by more than 50%. The cause of this cancer is the human papilloma virus high risk, and requires a sensitive test to provide suffic..."
"medicLatina","20.
		","El sistema ICDAS como método complementario para el diagnóstico de caries dental. (Spanish) ","By: Cerón-Bastidas, Ximena Andrea. ","Dental caries has been considered as one of the most prevalent disease worldwide. Different conventional methods have been used for its diagnosis such as visual and tactile examination and digita..."
"medicLatina","21.
		","RABDOMIOSARCOMA SUBTIPO ALVEOLAR EN FOSA PÉLVICA EN ADOLESCENTE. (Spanish) ","By: Herman-Rozengway, Vijil; Isaias-Vallecillo, Len. ","Eighteen year-old male patient presented to health unit with acute severe colic-like pain in left flank, the presumptive diagnosis was urolithiasis. He underwent diagnostic protocol and presented..."
"medicLatina","22.
		","Prevalencia de dislipidemias en población urbana aparentemente sana de Yucatán. (Spanish) ","By: García-González, Igrid; Novelo-Ceh, Aurora; López-Novelo, María E.; Ceballos-López, Adrián; Góngora-Bianchi, Renán Alberto. ","Atherosclerotic disease is a major cause of morbidity and mortality in Mexico, dyslipidemia being one of the most prevalent risk factors that contribute to its etiopathogenia. Objective: To deter..."
"medicLatina","23.
		","Propiedades psicométricas de la Escala Hospitalaria de Ansiedad y Depresión (HADS) en una población de pacientes oncológicos mexicanos. (Spanish) ","By: Galindo Vázquez, Oscar; Benjet, Corina; Juárez García, Francisco; Rojas Castillo, Edith; Riveros Rosas, Angélica; Aguilar Ponce, José Luis; Álvarez Avitia, Miguel Ángel; Alvarado Aguilar, Salvador. ","Background Symptoms of anxiety and depression are among the major mental health problems in cancer patients. These symptoms affect the quality of life and treatment adherence, and are associated ..."
"medicLatina","24.
		","Desarrollo y validación de un instrumento para la evaluación de los subsistemas familiares de pacientes pediátricos hospitalizados por enfermedad crónica (eSisFam). (Spanish) ","By: Rojas-Carrasco, Karmina Elena; Benjet, Corina; Robles García, Rebeca; Reidl Martínez, Lucy. ","Background According to the family systems model, the family consists of three main subsystems: marital, parental and filial, all of which perform specific functions. A chronic pediatric illness ..."
"medicLatina","25.
		","Mortalidad hospitalaria en pacientes con infección por VIH: a diez años del acceso universal a TARAA en México. (Spanish) ","By: Martín-Onraet, Alexandra; Piñeirua-Menéndez, Alicia; Perales-Martínez, Diana; Ortega-Pérez, Raúl; Barrera-García, Alejandro; Sierra-Madero, Juan; Volkow-Fernández, Patricia. ","Objective. To establish the characteristics and causes of death of HIV patients who die while hospitalized. Materials and methods. We included HIV+ patients who died during hospitalization, in th..."
"medicLatina","26.
		","Indicadores de riesgo del Perfil de Conductas de Desarrollo como instrumento para la detección temprana de retrasos y alteraciones del desarrollo. (Spanish) ","By: Bolaños, Cristina; Mina-Lara, María del Mar; Ramos-Ortega, Gregorio. ","Objective: To assess the discriminant validity of Risk Indicators of the Revised Development Behavior Profile (INDIPCD-R) as screening tool for the early detection of developmental alterations an..."
"medicLatina","27.
		","Observatorio Nacional de Cáncer Colombia. (Spanish) ","By: Ospina M., Martha L.; Huertas, Jancy A.; Montaño C., José I.; Rivillas G., Juan C. ","In Colombia, cancer is a public health problem on the rise that has major psycho-affective, social and economic repercussions. This poses a challenge for the health system. According to the stati..."
"medicLatina","28.
		","Hipertensión arterial pulmonar asociada a virus de la inmunodeficiencia humana. (Spanish) ","By: Luis Sandoval-Gutiérrez, José; Efren Santos-Martínez, Luis; Rodríguez-Silverio, Juan; Javier Flores-Murrieta, Francisco; Martín Baranda-Tovar, Francisco; María Rivera-Rosales, Rosa. ","From the advent of the highly effective antiretroviral treatment, the life expectancy of patients with human immunodeficiency virus has increased significantly. At present, the causes of death ar..."
"medicLatina","29.
		","Cómo la relación entre algunas anomalías dentarias puede ayudarnos en el diagnóstico temprano del desplazamiento a palatino del canino maxilar. (Spanish) ","By: PEIRÓ-GUIJARRO, MARÍA AURORA; TARAZONA ÁLVAREZ, BEATRIZ; ZAMORA MARTÍNEZ, NATALIA; BELLOT ARCÍS, CARLOS; ORTIZ DE ANDA, ROSA CIBRIÁN; PAREDES GALLARDO, VANESSA; GANDIA FRANCO, JOSÉ LUIS. ","Introduction: Palatally displaced canines is a clinical entity which is recently related to other dental anomalies, on the assumption that they share the same origin, as is the deviation of the m..."
"medicLatina","30.
		","Trastorno de la deglución como hallazgo en pacientes adultos con diabetes mellitus tipo 2. (Spanish) ","By: López-Ornelas, Lorraine; Bollain-Goytia, Ismael Sabido; Macías-Valle, Luis Fernando; Morales-Cadena, Mauricio; Rivas-Mercado, Adriana. ","Background: Until now, dysphagia in diabetes mellitus 2 is described as a silent process, but its early detection by screening methods is important to assess better the existence of diabetic poly..."
"medicLatina","31.
		","Phenotypic and genotypic characterization of Neisseria meningitidis serogroup B isolates from Cartagena, Colombia, 2012-2014. ","By: Moreno, Jaime; Sanabria, Olga; Saavedra, Sandra Yamile; Rodríguez, Karina; Duarte, Carolina. ","Introduction: Neisseria meningitidis is one of the leading causes of bacterial meningitis. In 2013, an increase in invasive disease caused by N. meningitidis serogroup B occurred in Cartagena, Co..."
"medicLatina","32.
		","Repercusión del cáncer cervicouterino en pacientes con limitaciones de acceso a los servicios de salud. (Spanish) ","By: Terán-Figueroa, Yolanda; Muñiz-Carreón, Patricia; Fernández Moya, Monserrat; Galán-Cuevas, Sergio; Noyola-Range, Nuri; Gutiérrez-Enríquez, Sandra Olimpia; Ortiz-Valdez, Julio Alejandro; Cruz-Valdez, Aurelio. ","Background: Cervical cancer is caused by high-risk HPV, a sexually transmitted virus. In Mexico, this disease represents a public health problem. San Luis Potosi is located within ten states with..."
"medicLatina","33.
		","La expresión neonatal de microRNAs como potenciales biomarcadores tempranos del síndrome metabólico. (Spanish) ","By: Rodil-García, P.; Salazar-Olivo, L. A. ","Metabolic syndrome is a disorder characterised by obesity, hypertension, hypercholesterolemia, hyperlipidemia and alterations in glucose metabolism. It constitutes a risk factor for diabetes and ..."
"medicLatina","34.
		","Síndrome metabólico en la infancia, un enfoque para la atención primaria. (Spanish) ","By: Araujo Herrera, Orlando. ","Obesity in children and adolescents is a health problem worldwide and is often associated to different clinical alterations such as metabolic syndrome, early atherosclerosis, dyslipidemia, blood ..."
"medicLatina","35.
		","Psychometric and diagnostic properties of the Drug Abuse Screening Test (DAST): Comparing the DAST-20 vs. the DAST-10. ","By: Villalobos-Gallegos, Luis; Pérez-López, Alejandro; Mendoza-Hassey, Rebeca; Graue-Moreno, Javier; Marín-Navarrete, Rodrigo. ","Background The use of reliable and valid self-report questionnaires to identify drug use disorders (DUD) is a strategy that has shown usefulness for screening. One of the instruments more used fo..."
"medicLatina","36.
		","Anomalías de la experiencia subjetiva en psicosis: Concepto y validación empírica del modelo de los Síntomas Básicos. (Spanish) ","By: Vilagrà Ruiz, Raül; Barrantes-Vidal, Neus. ","Introduction Research, diagnosis and treatment of psychotic spectrum disorders have been traditionally dominated by an objectivist approach to their understanding, being primarily focused on posi..."
"medicLatina","37.
		","BIOMARCADORES EN LA DETECCIÓN TEMPRANA DE CARDIOTOXICIDAD INDUCIDA POR QUIMIOTERAPIA; ESTADO ACTUAL. (Spanish) ","By: JIMÉNEZ COTES, EVERT ARMANDO; MEYER MARTÍNEZ, WENDY SOFÍA; GALLEGO GONZÁLEZ, DANIEL. ","Currently cardiotoxicity induced by chemotherapy is considered as the ""Achilles' Heel"" in the management of patients with cancer, because it strongly affects the quality of life and survival of p..."
"medicLatina","38.
		","Early diagnosis of diabetic retinopathy in primary care. ","By: Jiménez-Báez, María Valeria; Márquez-González, Horacio; Bárcenas-Contreras, Rodolfo; Morales-Montoya, Carlos; Espinosa-García, Laura Fátima. ","Objective: To evaluate the impact of a strategy for early detection of diabetic retinopathy in patients with type 2 diabetes mellitus (DMT2) in Quintana Roo, México. Methods: Study transversal, o..."
"medicLatina","39.
		","Utilidad del Sistema Automatizado Vitek 2® Compact y los Métodos Fenotípicos para la Detección de Carbapenemasas Tipo KPC. (Spanish) ","By: Ornelas P., Olga de J.; Carvallo R., Cesar A.; Castillo M., Luis A.; Ledezma M., María M.; Ríos S., Milena B.; Salazar M., Yaimir D.; Torres C., Luis C. ","The isolation of KPC-producing Enterobacteriaceae has increased over the past decade, more than 15 years ago the first carbapenemase-producing Enterobacteriaceae have been described and are curre..."
"medicLatina","40.
		","Estrategia de APS para la detección temprana del cáncer infantil. (Spanish) ","By: Pardo-Mora, Yaira Yohanna. ","Introducción: En la región de las Américas se estima que cada año más de 27,000 niños menores de 14 años son diagnosticados con cáncer y aproximadamente 10,000 fallecencomo consecuencia de este g..."
"medicLatina","41.
		","Diabetes mellitus: Aporte al cambio en esperanza de vida en México 1990, 2000 y 2010. (Spanish) ","By: Dávila-Cervantes, Claudio A.; Pardo Montaño, Ana M. ","Objective To analyze the level and trend of diabetes mellitus (DM) in Mexico, and its contribution to the changes in temporary life expectancy between 20 and 100 years of age, in the period 1990-..."
"medicLatina","42.
		","Detección de citomegalovirus por PCR en tiempo real en plasmas positivos a VIH. (Spanish) ","By: Ruiz-Tachiquín, Martha Eugenia; Gómez-Delgado, Alejandro; Valdez-Salazar, Hilda Alicia; Aguilera, Penélope. ","Background: Cytomegalovirus is a betaherpesvirus responsible for persistent infections that are generally asymptomatic in healthy individuals. In the absence of an effective immune response, as i..."
"medicLatina","43.
		","Impacto del programa de aseguramiento de la calidad de las mamografías en Colombia. (Spanish) ","By: Alejo-Martínez, H.; Salazar-Hurtado, E. J.; Poveda-Suárez, C. A.; Puerto-Jiménez, D. N.; Ramírez-Campos, F.; Roldán-Sánchez, O. I. ","Background: in Colombia breast cancer in the female population has the highest rates of incidence and mortality of all types of cancer, with an upward trend. The Ministry of Health and Social Pro..."
"medicLatina","44.
		","Consideraciones éticas del diagnóstico prenatal de la enfermedad de Huntington. (Spanish) ","By: Márquez-González, Horacio; Ramírez-García, Miguel Ángel; Villa-Romero, Antonio Rafael. ","Huntington disease is a neurodegenerative disorder caused by expanded trinucleotides which encode polyglutamine tracts. The disease is inherited as an autosomal dominant trait with onset in adult..."
"medicLatina","45.
		","Morbilidad oculta por hipertensión arterial en adolescentes. (Spanish) ","By: Maire, Omar Fuentes; Cordero, Magda Emilia Alonso; Carrasco, Bárbara B. Rodriguez; Pérez, Maritza Martínez. ","Introduction: arterial hypertension is the most common chronic noncommunicable disease, it represents by itself a disease and constitutes a risk factor for other diseases. Objective: to determine..."
"medicLatina","46.
		","Detección temprana de cáncer de mama y cervicouterino en localidades con concentración de población indígena en Morelos. (Spanish) ","By: Campero, Lourdes; Atienzo, Erika E.; Marín, Eréndira; de la Vara-Salazar, Elvia; Pelcastre-Villafuerte, Blanca; González, Guillermo. ","Objective. To analyze the perception in relation to when and how to perform actions for the early detection of breast and cervical cancer among women and health care providers in communities with..."
"medicLatina","47.
		","Prevalencia de patología musculoesquelética asociada al síndrome de falla cardiac. (Spanish) ","By: SÉNIOR, JUAN MANUEL; PLATA, JESÚS ALBERTO; NAVAS, CLAUDIA MARÍA. ","Introduction: in patients with heart failure, multiple associated diseases have been described, especially those of musculoskeletal origin which may limit the functional capacity independent of v..."
"medicLatina","48.
		","Cambios radiculares en pacientes tratados ortodoncicamente. (Spanish) ","By: Tobón, Diego; Aristizabal, David; Álvarez, Cesar; Urrea, Juan. ","Introduction and objective: External apical root resorption (RRAE) associated with tooth movement has been the subject of research in the field of orthodontics and endodontics. Early detection wo..."
"medicLatina","49.
		","Curvas de aprendizaje de sumatoria acumulada (CUSUM) en procedimientos básicos de anestesia. (Spanish) ","By: Aguirre Ospina, Oscar David; Ríos Medina, Ángela María; Marulanda, Mauricio Calderón; Gómez Buitrago, Luz María. ","Objectives: To create Cumulative Sum learning curves - CUSUM - for 6 anaesthesia procedures. Methodology: We assessed 764 orotracheal intubations, 251 spinal anaesthesia procedures, 189 epidural ..."
"medicLatina","50.
		","SÍNDROME DE CARCINOMA BASOCELULAR NEVOIDE CON AGENESIA DE CUERPO CALLOSO, MUTACIÓN EN PTCH1 Y AUSENCIA DE CARCINOMA BASOCELULAR. (Spanish) ","By: MAZZUOCCOLO, LUIS D.; MARTÍNEZ, MARÍA FLORENCIA; MUCHNIK, CAROLINA; AZURMENDI, PABLO J.; STENGEL, FERNANDO. ","Nevoid Basal Cell Carcinoma Syndrome (NBCCS) or Gorlin-Goltz syndrome is a rare autosomal dominant disorder, mainly due to PTCH1 gene mutations, that comprises a broad spectrum of clinical manife..."
"medicLatina","51.
		","EFECTOS DE INTERVENCIONES PSICOLÓGICAS EN SUPERVIVIENTES DE CÁNCER: UNA REVISIÓN. (Spanish) ",NA,"Introduction: During the past decades early detection and effective cancer treatments have produced an increase in the number of cancer survivors. This represents a large group of patients suscep..."
"medicLatina","52.
		","CUIDADO DE ENFERMERÍA EN PACIENTE POSTOPERADA DE MASTECTOMÍA: ESTUDIO DE CASO. (Spanish) ",NA,"Introduction: Breast cancer is one of the most common cancers in women worldwide and causes more deaths each year. Early diagnosis is very important because it is relevant in the choice and treat..."
"medicLatina","53.
		","IMPLEMENTACIÓN DE UN SISTEMA DE TELEDIAGNÓSTICO DE TUBERCULOSIS Y DETERMINACIÓN DE MULTIDROGORRESISTENCIA BASADA EN EL MÉTODO MODS EN TRUJILLO, PERÚ. (Spanish) ",NA,"Objectives. To implement a system for remote diagnosis of tuberculosis and multidrug resistance (MDR) using the Microscopic-Observation Drug Susceptibility Assay (MODS) method in the Mycobacteria..."
"medicLatina","54.
		","Cumplimiento de la normatividad vigente para la detección temprana de la hipoacusia neonatal. (Spanish) ",NA,"Objective Assessing compliance with the section ""Assessment of hearing"" stipulated in the Technical Standard to Detect Alteration in children aged less than 10 years-old in Bogota. Methods This w..."
"medicLatina","55.
		","Sensibilidad de las biopsias endoscópicas para el diagnóstico histopatólogico de cáncer gástrico. (Spanish) ",NA,"Introduction. Gastric cancer has a high mortality rate worldwide wich detection is mode through endoscopy. Objective. To stablish the diagnostic accuracy for gastric cancer histological biopsies ..."
"medicLatina","56.
		","Necesidades de los familiares de pacientes con esquizofrenia en situaciones de crisis. (Spanish) ",NA,"Objetive This article presents the main crisis situations faced by the relatives of schizophrenic patients, as well as their needs in psychiatric attention at moments of crisis. Method Qualitativ..."
"medicLatina","57.
		","Utilidad de la prueba de la nitrato reductasa para la detección rápida de resistencia en Mycobacterium tuberculosis. (Spanish) ",NA,"Introduction: The early detection of resistance in Mycobacterium tuberculosis is of primary importance for both patient management and infection control. Objective: To evaluate nitrate reductase ..."
"medicLatina","58.
		","El cáncer y su impacto en salud pública. (Spanish) ",NA,"This article will try to mention the impact of cancer on society, that assessed by the incidence and mortality rate as reported by GLOBANCAN 2012, also mention the modifiable risk factors for thi..."
"medicLatina","59.
		","Factores que influyen en la mortalidad en los pacientes graves con cirugía abdominal. (Spanish) ",NA,"Introduction: surgical patient is one of the pronest patients to intensive medical care. Objective: to determine factors influencing morbidity and mortality in critically-ill surgical patients. M..."
"medicLatina","60.
		","Validación de la confiabilidad y aplicabilidad de la tabla de nueve campos (T9C) para el diagnóstico de diabetes mellitus. (Spanish) ",NA,"Background: Mexico is undergoing an epidemiological transition resulting from a gradual aging of it's population with increased incidence of chronic degenerative diseases on which diabetes mellit..."
"medicLatina","61.
		","Historia de la dermatoscopia. (Spanish) ",NA,"Dermatoscopy is an old technic, but its utility and truly importance came out by the 20th century, in particular on the ield of diagnostic and differentiation of benign and malign tumors. Nowaday..."
"medicLatina","62.
		","Delirium postoperatorio en cirugía general, el fantasma de nuestros abuelos. (Spanish) ",NA,"Introduction: Currently there has been an increased interest from mothers and their environment, by the application of other non-invasive analgesic methods. Therefore, it is a major issue for hea..."
"medicLatina","63.
		","Ultrasound in Rheumatology: Where Are We and Where Are We Going? ",NA,"Objective: To know rheumatologists' opinion on the usefulness of ultrasound in diagnostic and therapeutic decision making as applied to rheumatic diseases. Materials and methods: A National surve..."
"medicLatina","64.
		","Comunicación, Género y Salud. Análisis de un spot publicitario para la detección temprana de cáncer de mama. (Spanish) ",NA,"The paper analyses an advertisement called For the love of boobs (Lowe Porta Agency, 2012) focused on the early detection of breast cancer. From a gender perspective, the paper shows the persiste..."
"medicLatina","65.
		","Síndrome cardiorrenal. Un doble reto cardiovascular. (Spanish) ",NA,"Cardiorenal disease has been recognized in recent years, in response to the high cardiovascular mortality becomes up to 500% compared to the population without renal damage, the factors that cont..."
"medicLatina","66.
		","Detección clínica de anomalías craneofaciales mayores y menores en población escolar colombiana. (Spanish) ",NA,"Background: The presence of two or more craniofacial abnormalities may be associated with developmental syndromes and/or genetic defects. Identifying minor and major anomalies helps early detecti..."
"medicLatina","67.
		","TRASTORNOS LEVES DEL ESPECTRO AUTISTA EN EDUCACIÓN INFANTIL: PREVALENCIA, SINTOMATOLOGÍA CO-OCURRENTE Y DESARROLLO PSICOSOCIAL. (Spanish) ",NA,"Study about the prevalence of autism spectrum disorder (ASD) symptoms in 1,104 preschool-aged children attending urban/rural schools. We describe co-occurrent symptoms and compare psychosocial de..."
"medicLatina","68.
		","GUÍA DE PRÁCTICA CLÍNICA PARA LA DETECCIÓN TEMPRANA DE LAS ANOMALÍAS DURANTE EL TRABAJO DE PARTO, ATENCIÓN DEL PARTO NORMAL Y DISTÓCICO. (Spanish) ",NA,"Objective: To make recommendations for early detection of abnormalities during labor, and care of normal and dystocic delivery. Materials and methods: The Guideline Developer Group (GDG) prepared..."
"medicLatina","69.
		","Early atherosclerotic lesions and post-mortem serum cholesterol level in a group of Colombian children. ",NA,"Introduction: Atherosclerosis is an asymptomatic chronic disease, which begins at early age and is difficult to detect during this stage. Prospective studies suggest a causal relationship between..."
"medicLatina","70.
		","Nuevos marcadores de lesión renal aguda en el enfermo grave. (Spanish) ",NA,"The acute kidney injury (AKI) is a frequent complication in critically ill patients as well as a major risk factor for the development of renal complications, independently contributes to patient..."
"medicLatina","71.
		","La calidad de la mamografía en Colombia: análisis de un estudio piloto. (Spanish) ",NA,"Introduction. In Colombia, breast cancer in the female population presents the highest rate of incidence and the second highest in mortality of all types of cancer, with a rising trend. The Minis..."
"medicLatina","72.
		","Evaluación del tratamiento a mujeres embarazadas con anemia ferropénica. (Spanish) ",NA,"Background: Pregnancy is a condition that predisposes women to anemia, a problem which is easily solved with the identification of susceptible patients and with proper treatment. Objective: To de..."
"medicLatina","73.
		","Adultos jóvenes con deficiencia de metilentetrahidrofolato reductasa y aciduria etilenmalónica. Reporte de dos casos y revisión de tema. (Spanish) ",NA,"The impact of genomics in clinical medicine has been significant in recent years. Up to 2012, more than 3,000 genetic conditions have been implicated in clinical medicine. Today, with the new met..."
"medicLatina","74.
		","Sordera ocupacional: una revisión de su etiología y estrategias de prevención. (Spanish) ",NA,"Occupational Deafness is the third leading cause of occupational disease in Colombia, mainly caused by acute exposure to noise for long periods, and exposure to chemical solvents, like Toluene an..."
"medicLatina","75.
		","GUÍAS DE PRÁCTICA CLÍNICA PARA LA PREVENCIÓN, DETECCIÓN TEMPRANA Y TRATAMIENTO DE LAS COMPLICACIONES DEL EMBARAZO, PARTO O PUERPERIO: INTRODUCCIÓN Y METODOLOGÍA. (Spanish) ",NA,"Background: These Clinical Practice Guidelines (CPG) for the prevention, early detection and treatment of complications during pregnancy, delivery and post-partum period were developed by the all..."
"medicLatina","76.
		","GUÍA DE PRÁCTICA CLÍNICA PARA LA PREVENCIÓN Y DETECCIÓN TEMPRANA DE LAS ALTERACIONES DEL EMBARAZO. (Spanish) ",NA,"Objective: To make recommendations on the prevention, early detection and treatment of pregnancy-related complications in Colombia. Materials and methods: The developer group worked on these CPG ..."
"medicLatina","77.
		","GUÍA DE PRÁCTICA CLÍNICA PARA EL ABORDAJE DE LAS COMPLICACIONES HIPERTENSIVAS ASOCIADAS AL EMBARAZO. (Spanish) ",NA,"Objective: To provide care recommendations for hypertensive complications during pregnancy as part of the Clinical Practice Guidelines (CPG) for the prevention, early detection and treatment of p..."
"medicLatina","78.
		","Necesidades de aprendizaje de los especialistas de Medicina General Integral sobre los trastornos del espectro autista. (Spanish) ",NA,"Introduction: the needs of learning come out when contrasting an ideal or proposed performance with actual one, either for an individual or a particular group. These needs constitute the starting..."
"medicLatina","79.
		","El inicio de relaciones coitales en estudiantes de preuniversitario. (Spanish) ",NA,"Introduction: improvement of the quality of life of men and women is a topic of worldwide interest. Hence the importance of early detection of health problems such as those related to sexuality. ..."
"medicLatina","80.
		","Cervical-vaginal cytology among schooled adolescents: Beliefs and cultural experiences. ",NA,"Introduction: Cervical Cancer is a disease that is an ongoing threat to the health of women. This cancer, caused by the Human Papilloma Virus, is considered to be sexually transmitted. The health..."
"medicLatina","81.
		","The prevalence of temporomandibular disorders in music students. ",NA,"Introduction: Temporomandibular Disorders (TMD) are a group of conditions that affect the temporomandibular joint (TMJ), and masticator muscles. In musical performance repetitive motions are carr..."
"medicLatina","82.
		","Laboratorio clínico y oncología: De los aspectos básicos del cáncer a los tumores más frecuentes y la utilidad de los marcadores tumorales como métodos diagnósticos. (Spanish) ",NA,"Although most of the cancers could be curable provided it detected in their initial stadiums, lacking knowledge about the «true» indication for the use of the tumor markers. I in my daily practic..."
"medicLatina","83.
		","Self-reported early detection activities for breast cancer in Colombia in 2010: impact of socioeconomic and demographic characteristics. ",NA,"Objective. To explore which socioeconomic and demographic characteristics influence Colombian women to utilize screening mammography (SMMG). Materials and methods. Data of women aged 40-49 years ..."
"medicLatina","84.
		","Avances en el diagnóstico prenatal de las cardiopatías congénitas. (Spanish) ",NA,"Congenital heart diseases are the most frequent abnormalities at the time of delivery. Their importance lays in the fact that they represent 46% of neonatal deaths and they are cause of a high mo..."
"medicLatina","85.
		","Colaborando para mejorar la calidad de vida de personas con inmunodeficiencias primarias: Semana Internacional de Inmunodeficiencias Primarias 2013. (Spanish) ",NA,"World Primary Immunodeficiency Week (WPIW) 2013, is celebrated annually on 22-29 April. This year WPIW focuses on the need to test, diagnose and treat this primary immunodeficiency to promote its..."
"medicLatina","86.
		","El examen físico en las consultas integrales de diabetes mellitus. (Spanish) ",NA,"Introduction: diabetes mellitus is increasingly prevailing and in 2011, the potentially lost years of life from this disease amounted to 1.5 in the 1-74 y age group in Cuba. This disease requires..."
"medicLatina","87.
		","Validación de criterio de la Escala Abreviada del Desarrollo (EAD-1) en el dominio audición-lenguaje. (Spanish) ",NA,"Objective Establishing the validity of abbreviated developmental scale (ADS-1) criterion, regarding the language and hearing domain for 4- to 5-year-old children in the city of Popayan (2012). Me..."
"medicLatina","88.
		","Development and implementation of guidelines for quality assurance in breast cancer screening: The European experience. ",NA,"In Europe, as in many other regions of the world, breast cancer is a major cause of suffering and death. Early detection of breast cancer by systematic mammography screening can find lesions for ..."
"medicLatina","89.
		","CONSULTA DE DETECCIÓN TEMPRANA DE FACTORES DE RIESGO CARDIOMETABÓLICO EN PEDIATRÍA. (Spanish) ",NA,"Cardiometabolic diseases occupy the first place in morbidity and mortality worldwide, as non-communicable chronic diseases. The detection of risk factors for the development of these diseases rep..."
"medicLatina","90.
		","Tamización de cáncer gástrico. (Spanish) ",NA,"Gastric cancer is the fourth most common cancer worldwide and is the second leading cause of cancer mortality in the world, being more common in developing countries. An early detection of the di..."
"medicLatina","91.
		","Prevalencia de anemia en mujeres mexicanas en edad reproductiva, 1999-2012. (Spanish) ",NA,"Objective. To update the prevalence of anemia and its trend in Mexican women of childbearing age over the past 13 years using information from the National Health and Nutrition Survey 2012 and 20..."
"medicLatina","92.
		","Enfermedad renal crónica: prevención y detección temprana en el primer nivel de atención. (Spanish) ",NA,"Background: Chronic kidney disease is defined as a decrease in renal function, expressed by a GFR <60 mL/ min/1.73m² SC, shown directly by histological changes on renal biopsy or indirectly by ma..."
"medicLatina","93.
		","Termografía y volumen tisular dependientes del ciclo menstrual en mediciones de espectroscopia de inducción magnética en glándula mamaria. (Spanish) ",NA,"Introduction: Current limitations in the treatment of Breast Cancer (BC) are associated with a late diagnosis of the disease. Currently there is no technology portable, non-invasive and low-cost,..."
"medicLatina","94.
		","Bacteriemia por B. cepacia. ¿Un signo de alarma para la presencia de un brote? (Spanish) ",NA,"Hospital outbreaks by B. cepacia are common in immunocompromised patients. This requires early vigilance for this pathogen in the hospitals and the need to understand its intrinsic and extrinsic ..."
"medicLatina","95.
		","PERCEPCIÓN DEL ENFERMERO EN PROCESOS ESTRATEGICOS DE PROGRAMAS DE PROTECCIÓN ESPECÍFICA Y DETECCIÓN TEMPRANA EN IPS DE BOGOTA. (Spanish) ",NA,"The research ""nursing staff perception on the processes of specific protection and early detection"" is a descriptive study that shows the perception of nurses in charge of these programs in Bogot..."
"medicLatina","96.
		","Factores sociales y demográficos relacionados con la asistencia al programa de crecimiento y desarrollo. (Spanish) ",NA,"Objective: The program for early detection of alterations done for children under 10 years of age demonstrates preventative actions and educates mothers and caregivers, but the results of this pr..."
"medicLatina","97.
		","Innovación tecnológica para diagnóstico colposcópico de lesiones por virus de papiloma humano. (Spanish) ",NA,"Introduction. The detection of disease by human papiloma virus (HPV) requires the biopsy in situ. The study by Pap smear and colposcopy clear field (CCC), has not high sensitive and specific, col..."
"medicLatina","98.
		","CÁNCER DE PIEL Y RADIACIÓN SOLAR: EXPERIENCIA PERUANA EN LA PREVENCIÓN Y DETECCIÓN TEMPRANA DEL CÁNCER DE PIEL Y MELANOMA. (Spanish) ",NA,"The excessive exposure to sun radiation, especially to ultraviolet radiation (UV), has led to various diseases, in particular to skin cancer. In 1995, the Peruvian Dermatological Association cond..."
"medicLatina","99.
		","RETOS PARA EL DIAGNÓSTICO PRECOZ DEL CÁNCER DE PRÓSTATA EN EL PERÚ. (Spanish) ",NA,"Early detection of prostate cancer in Peru is very uncommon, as patients usually arrive when the disease is locally advanced or advanced. There are no prostate cancer screening campaigns that all..."
"medicLatina","100.
		","Síndrome de compartimento abdominal en trauma. (Spanish) ",NA,"Background: the intra-abdominal hypertension is defined as an Increase in intra-abdominal pressure more or equal as ≥ 12 mmHG and it is called as abdominal compartment syndrome when associates wi..."
"medicLatina","51.
		","EFECTOS DE INTERVENCIONES PSICOLÓGICAS EN SUPERVIVIENTES DE CÁNCER: UNA REVISIÓN. (Spanish) ",NA,"Introduction: During the past decades early detection and effective cancer treatments have produced an increase in the number of cancer survivors. This represents a large group of patients suscep..."
"medicLatina","52.
		","CUIDADO DE ENFERMERÍA EN PACIENTE POSTOPERADA DE MASTECTOMÍA: ESTUDIO DE CASO. (Spanish) ",NA,"Introduction: Breast cancer is one of the most common cancers in women worldwide and causes more deaths each year. Early diagnosis is very important because it is relevant in the choice and treat..."
"medicLatina","53.
		","IMPLEMENTACIÓN DE UN SISTEMA DE TELEDIAGNÓSTICO DE TUBERCULOSIS Y DETERMINACIÓN DE MULTIDROGORRESISTENCIA BASADA EN EL MÉTODO MODS EN TRUJILLO, PERÚ. (Spanish) ",NA,"Objectives. To implement a system for remote diagnosis of tuberculosis and multidrug resistance (MDR) using the Microscopic-Observation Drug Susceptibility Assay (MODS) method in the Mycobacteria..."
"medicLatina","54.
		","Cumplimiento de la normatividad vigente para la detección temprana de la hipoacusia neonatal. (Spanish) ",NA,"Objective Assessing compliance with the section ""Assessment of hearing"" stipulated in the Technical Standard to Detect Alteration in children aged less than 10 years-old in Bogota. Methods This w..."
"medicLatina","55.
		","Sensibilidad de las biopsias endoscópicas para el diagnóstico histopatólogico de cáncer gástrico. (Spanish) ",NA,"Introduction. Gastric cancer has a high mortality rate worldwide wich detection is mode through endoscopy. Objective. To stablish the diagnostic accuracy for gastric cancer histological biopsies ..."
"medicLatina","56.
		","Necesidades de los familiares de pacientes con esquizofrenia en situaciones de crisis. (Spanish) ",NA,"Objetive This article presents the main crisis situations faced by the relatives of schizophrenic patients, as well as their needs in psychiatric attention at moments of crisis. Method Qualitativ..."
"medicLatina","57.
		","Utilidad de la prueba de la nitrato reductasa para la detección rápida de resistencia en Mycobacterium tuberculosis. (Spanish) ",NA,"Introduction: The early detection of resistance in Mycobacterium tuberculosis is of primary importance for both patient management and infection control. Objective: To evaluate nitrate reductase ..."
"medicLatina","58.
		","El cáncer y su impacto en salud pública. (Spanish) ",NA,"This article will try to mention the impact of cancer on society, that assessed by the incidence and mortality rate as reported by GLOBANCAN 2012, also mention the modifiable risk factors for thi..."
"medicLatina","59.
		","Factores que influyen en la mortalidad en los pacientes graves con cirugía abdominal. (Spanish) ",NA,"Introduction: surgical patient is one of the pronest patients to intensive medical care. Objective: to determine factors influencing morbidity and mortality in critically-ill surgical patients. M..."
"medicLatina","60.
		","Validación de la confiabilidad y aplicabilidad de la tabla de nueve campos (T9C) para el diagnóstico de diabetes mellitus. (Spanish) ",NA,"Background: Mexico is undergoing an epidemiological transition resulting from a gradual aging of it's population with increased incidence of chronic degenerative diseases on which diabetes mellit..."
"medicLatina","61.
		","Historia de la dermatoscopia. (Spanish) ",NA,"Dermatoscopy is an old technic, but its utility and truly importance came out by the 20th century, in particular on the ield of diagnostic and differentiation of benign and malign tumors. Nowaday..."
"medicLatina","62.
		","Delirium postoperatorio en cirugía general, el fantasma de nuestros abuelos. (Spanish) ",NA,"Introduction: Currently there has been an increased interest from mothers and their environment, by the application of other non-invasive analgesic methods. Therefore, it is a major issue for hea..."
"medicLatina","63.
		","Ultrasound in Rheumatology: Where Are We and Where Are We Going? ",NA,"Objective: To know rheumatologists' opinion on the usefulness of ultrasound in diagnostic and therapeutic decision making as applied to rheumatic diseases. Materials and methods: A National surve..."
"medicLatina","64.
		","Comunicación, Género y Salud. Análisis de un spot publicitario para la detección temprana de cáncer de mama. (Spanish) ",NA,"The paper analyses an advertisement called For the love of boobs (Lowe Porta Agency, 2012) focused on the early detection of breast cancer. From a gender perspective, the paper shows the persiste..."
"medicLatina","65.
		","Síndrome cardiorrenal. Un doble reto cardiovascular. (Spanish) ",NA,"Cardiorenal disease has been recognized in recent years, in response to the high cardiovascular mortality becomes up to 500% compared to the population without renal damage, the factors that cont..."
"medicLatina","66.
		","Detección clínica de anomalías craneofaciales mayores y menores en población escolar colombiana. (Spanish) ",NA,"Background: The presence of two or more craniofacial abnormalities may be associated with developmental syndromes and/or genetic defects. Identifying minor and major anomalies helps early detecti..."
"medicLatina","67.
		","TRASTORNOS LEVES DEL ESPECTRO AUTISTA EN EDUCACIÓN INFANTIL: PREVALENCIA, SINTOMATOLOGÍA CO-OCURRENTE Y DESARROLLO PSICOSOCIAL. (Spanish) ",NA,"Study about the prevalence of autism spectrum disorder (ASD) symptoms in 1,104 preschool-aged children attending urban/rural schools. We describe co-occurrent symptoms and compare psychosocial de..."
"medicLatina","68.
		","GUÍA DE PRÁCTICA CLÍNICA PARA LA DETECCIÓN TEMPRANA DE LAS ANOMALÍAS DURANTE EL TRABAJO DE PARTO, ATENCIÓN DEL PARTO NORMAL Y DISTÓCICO. (Spanish) ",NA,"Objective: To make recommendations for early detection of abnormalities during labor, and care of normal and dystocic delivery. Materials and methods: The Guideline Developer Group (GDG) prepared..."
"medicLatina","69.
		","Early atherosclerotic lesions and post-mortem serum cholesterol level in a group of Colombian children. ",NA,"Introduction: Atherosclerosis is an asymptomatic chronic disease, which begins at early age and is difficult to detect during this stage. Prospective studies suggest a causal relationship between..."
"medicLatina","70.
		","Nuevos marcadores de lesión renal aguda en el enfermo grave. (Spanish) ",NA,"The acute kidney injury (AKI) is a frequent complication in critically ill patients as well as a major risk factor for the development of renal complications, independently contributes to patient..."
"medicLatina","71.
		","La calidad de la mamografía en Colombia: análisis de un estudio piloto. (Spanish) ",NA,"Introduction. In Colombia, breast cancer in the female population presents the highest rate of incidence and the second highest in mortality of all types of cancer, with a rising trend. The Minis..."
"medicLatina","72.
		","Evaluación del tratamiento a mujeres embarazadas con anemia ferropénica. (Spanish) ",NA,"Background: Pregnancy is a condition that predisposes women to anemia, a problem which is easily solved with the identification of susceptible patients and with proper treatment. Objective: To de..."
"medicLatina","73.
		","Adultos jóvenes con deficiencia de metilentetrahidrofolato reductasa y aciduria etilenmalónica. Reporte de dos casos y revisión de tema. (Spanish) ",NA,"The impact of genomics in clinical medicine has been significant in recent years. Up to 2012, more than 3,000 genetic conditions have been implicated in clinical medicine. Today, with the new met..."
"medicLatina","74.
		","Sordera ocupacional: una revisión de su etiología y estrategias de prevención. (Spanish) ",NA,"Occupational Deafness is the third leading cause of occupational disease in Colombia, mainly caused by acute exposure to noise for long periods, and exposure to chemical solvents, like Toluene an..."
"medicLatina","75.
		","GUÍAS DE PRÁCTICA CLÍNICA PARA LA PREVENCIÓN, DETECCIÓN TEMPRANA Y TRATAMIENTO DE LAS COMPLICACIONES DEL EMBARAZO, PARTO O PUERPERIO: INTRODUCCIÓN Y METODOLOGÍA. (Spanish) ",NA,"Background: These Clinical Practice Guidelines (CPG) for the prevention, early detection and treatment of complications during pregnancy, delivery and post-partum period were developed by the all..."
"medicLatina","76.
		","GUÍA DE PRÁCTICA CLÍNICA PARA LA PREVENCIÓN Y DETECCIÓN TEMPRANA DE LAS ALTERACIONES DEL EMBARAZO. (Spanish) ",NA,"Objective: To make recommendations on the prevention, early detection and treatment of pregnancy-related complications in Colombia. Materials and methods: The developer group worked on these CPG ..."
"medicLatina","77.
		","GUÍA DE PRÁCTICA CLÍNICA PARA EL ABORDAJE DE LAS COMPLICACIONES HIPERTENSIVAS ASOCIADAS AL EMBARAZO. (Spanish) ",NA,"Objective: To provide care recommendations for hypertensive complications during pregnancy as part of the Clinical Practice Guidelines (CPG) for the prevention, early detection and treatment of p..."
"medicLatina","78.
		","Necesidades de aprendizaje de los especialistas de Medicina General Integral sobre los trastornos del espectro autista. (Spanish) ",NA,"Introduction: the needs of learning come out when contrasting an ideal or proposed performance with actual one, either for an individual or a particular group. These needs constitute the starting..."
"medicLatina","79.
		","El inicio de relaciones coitales en estudiantes de preuniversitario. (Spanish) ",NA,"Introduction: improvement of the quality of life of men and women is a topic of worldwide interest. Hence the importance of early detection of health problems such as those related to sexuality. ..."
"medicLatina","80.
		","Cervical-vaginal cytology among schooled adolescents: Beliefs and cultural experiences. ",NA,"Introduction: Cervical Cancer is a disease that is an ongoing threat to the health of women. This cancer, caused by the Human Papilloma Virus, is considered to be sexually transmitted. The health..."
"medicLatina","81.
		","The prevalence of temporomandibular disorders in music students. ",NA,"Introduction: Temporomandibular Disorders (TMD) are a group of conditions that affect the temporomandibular joint (TMJ), and masticator muscles. In musical performance repetitive motions are carr..."
"medicLatina","82.
		","Laboratorio clínico y oncología: De los aspectos básicos del cáncer a los tumores más frecuentes y la utilidad de los marcadores tumorales como métodos diagnósticos. (Spanish) ",NA,"Although most of the cancers could be curable provided it detected in their initial stadiums, lacking knowledge about the «true» indication for the use of the tumor markers. I in my daily practic..."
"medicLatina","83.
		","Self-reported early detection activities for breast cancer in Colombia in 2010: impact of socioeconomic and demographic characteristics. ",NA,"Objective. To explore which socioeconomic and demographic characteristics influence Colombian women to utilize screening mammography (SMMG). Materials and methods. Data of women aged 40-49 years ..."
"medicLatina","84.
		","Avances en el diagnóstico prenatal de las cardiopatías congénitas. (Spanish) ",NA,"Congenital heart diseases are the most frequent abnormalities at the time of delivery. Their importance lays in the fact that they represent 46% of neonatal deaths and they are cause of a high mo..."
"medicLatina","85.
		","Colaborando para mejorar la calidad de vida de personas con inmunodeficiencias primarias: Semana Internacional de Inmunodeficiencias Primarias 2013. (Spanish) ",NA,"World Primary Immunodeficiency Week (WPIW) 2013, is celebrated annually on 22-29 April. This year WPIW focuses on the need to test, diagnose and treat this primary immunodeficiency to promote its..."
"medicLatina","86.
		","El examen físico en las consultas integrales de diabetes mellitus. (Spanish) ",NA,"Introduction: diabetes mellitus is increasingly prevailing and in 2011, the potentially lost years of life from this disease amounted to 1.5 in the 1-74 y age group in Cuba. This disease requires..."
"medicLatina","87.
		","Validación de criterio de la Escala Abreviada del Desarrollo (EAD-1) en el dominio audición-lenguaje. (Spanish) ",NA,"Objective Establishing the validity of abbreviated developmental scale (ADS-1) criterion, regarding the language and hearing domain for 4- to 5-year-old children in the city of Popayan (2012). Me..."
"medicLatina","88.
		","Development and implementation of guidelines for quality assurance in breast cancer screening: The European experience. ",NA,"In Europe, as in many other regions of the world, breast cancer is a major cause of suffering and death. Early detection of breast cancer by systematic mammography screening can find lesions for ..."
"medicLatina","89.
		","CONSULTA DE DETECCIÓN TEMPRANA DE FACTORES DE RIESGO CARDIOMETABÓLICO EN PEDIATRÍA. (Spanish) ",NA,"Cardiometabolic diseases occupy the first place in morbidity and mortality worldwide, as non-communicable chronic diseases. The detection of risk factors for the development of these diseases rep..."
"medicLatina","90.
		","Tamización de cáncer gástrico. (Spanish) ",NA,"Gastric cancer is the fourth most common cancer worldwide and is the second leading cause of cancer mortality in the world, being more common in developing countries. An early detection of the di..."
"medicLatina","91.
		","Prevalencia de anemia en mujeres mexicanas en edad reproductiva, 1999-2012. (Spanish) ",NA,"Objective. To update the prevalence of anemia and its trend in Mexican women of childbearing age over the past 13 years using information from the National Health and Nutrition Survey 2012 and 20..."
"medicLatina","92.
		","Enfermedad renal crónica: prevención y detección temprana en el primer nivel de atención. (Spanish) ",NA,"Background: Chronic kidney disease is defined as a decrease in renal function, expressed by a GFR <60 mL/ min/1.73m² SC, shown directly by histological changes on renal biopsy or indirectly by ma..."
"medicLatina","93.
		","Termografía y volumen tisular dependientes del ciclo menstrual en mediciones de espectroscopia de inducción magnética en glándula mamaria. (Spanish) ",NA,"Introduction: Current limitations in the treatment of Breast Cancer (BC) are associated with a late diagnosis of the disease. Currently there is no technology portable, non-invasive and low-cost,..."
"medicLatina","94.
		","Bacteriemia por B. cepacia. ¿Un signo de alarma para la presencia de un brote? (Spanish) ",NA,"Hospital outbreaks by B. cepacia are common in immunocompromised patients. This requires early vigilance for this pathogen in the hospitals and the need to understand its intrinsic and extrinsic ..."
"medicLatina","95.
		","PERCEPCIÓN DEL ENFERMERO EN PROCESOS ESTRATEGICOS DE PROGRAMAS DE PROTECCIÓN ESPECÍFICA Y DETECCIÓN TEMPRANA EN IPS DE BOGOTA. (Spanish) ",NA,"The research ""nursing staff perception on the processes of specific protection and early detection"" is a descriptive study that shows the perception of nurses in charge of these programs in Bogot..."
"medicLatina","96.
		","Factores sociales y demográficos relacionados con la asistencia al programa de crecimiento y desarrollo. (Spanish) ",NA,"Objective: The program for early detection of alterations done for children under 10 years of age demonstrates preventative actions and educates mothers and caregivers, but the results of this pr..."
"medicLatina","97.
		","Innovación tecnológica para diagnóstico colposcópico de lesiones por virus de papiloma humano. (Spanish) ",NA,"Introduction. The detection of disease by human papiloma virus (HPV) requires the biopsy in situ. The study by Pap smear and colposcopy clear field (CCC), has not high sensitive and specific, col..."
"medicLatina","98.
		","CÁNCER DE PIEL Y RADIACIÓN SOLAR: EXPERIENCIA PERUANA EN LA PREVENCIÓN Y DETECCIÓN TEMPRANA DEL CÁNCER DE PIEL Y MELANOMA. (Spanish) ",NA,"The excessive exposure to sun radiation, especially to ultraviolet radiation (UV), has led to various diseases, in particular to skin cancer. In 1995, the Peruvian Dermatological Association cond..."
"medicLatina","99.
		","RETOS PARA EL DIAGNÓSTICO PRECOZ DEL CÁNCER DE PRÓSTATA EN EL PERÚ. (Spanish) ",NA,"Early detection of prostate cancer in Peru is very uncommon, as patients usually arrive when the disease is locally advanced or advanced. There are no prostate cancer screening campaigns that all..."
"medicLatina","100.
		","Síndrome de compartimento abdominal en trauma. (Spanish) ",NA,"Background: the intra-abdominal hypertension is defined as an Increase in intra-abdominal pressure more or equal as ≥ 12 mmHG and it is called as abdominal compartment syndrome when associates wi..."
"medicLatina","151.
		","Comparación entre métodos convencionales, ChromAgar Candida® y el método de la PCR para la identificación de especies de Candida en aislamientos clínicos. (Spanish) ",NA,NA
"medicLatina","152.
		","Overview of newborn hearing screening activities in Latin America. ",NA,NA
"medicLatina","153.
		","COMPETENCIAS DIAGNÓSTICAS EN ONCOLOGÍA EN LOS ESTUDIANTES DE ÚLTIMO AÑO DE MEDICINA. (Spanish) ",NA,NA
"medicLatina","154.
		","Detección y tipificación de papilomavirus humano en lesiones condilomatosas anogenitales de hombres cubanos seropositivos al VIH-1. (Spanish) ",NA,NA
"medicLatina","155.
		","Detección temprana y diagnóstico del cáncer mamario. (Spanish) ",NA,NA
"medicLatina","156.
		","Acciones gubernamentales para la detección temprana del cáncer de mama en América Latina. Retos a futuro. (Spanish) ",NA,NA
"medicLatina","157.
		","Características de los pacientes con cáncer gástrico del departamento de Cundinamarca, remitidos al Hospital Universitario de la Samaritana entre los años 2004 y 2009. (Spanish) ",NA,NA
"medicLatina","158.
		","Quality of diabetes care: a cross-sectional study of adults of Hispanic origin across and along the United States-Mexico border. ",NA,NA
"medicLatina","159.
		","Ethnic and health correlates of diabetes-related amputations at the Texas-Mexico border. ",NA,NA
"medicLatina","160.
		","Tumores primarios múltiples en el Área Metropolitana de Bucaramanga. (Spanish) ",NA,NA
"medicLatina","161.
		","Apraxia oculomotora congénita. (Spanish) ",NA,NA
"medicLatina","162.
		","Uso de la mamografía de tamizaje en las pacientes con diagnóstico con cáncer de seno en el Hospital Universitario San Ignacio, Centro Javeriano de Oncología. (Spanish) ",NA,NA
"medicLatina","163.
		","Atresia esofágica y traqueal con fístula traqueoesofágica baja. (Spanish) ",NA,NA
"medicLatina","164.
		","Estudio comparativo y aleatorizado para evaluar la calidad de la muestra celular obtenida con la brocha de polietileno vs la espátula de Ayre más el Cytobrush. (Spanish) ",NA,NA
"medicLatina","165.
		","Genética de la taquicardia ventricular polimorfa catecolaminérgica; conceptos básicos. (Spanish) ",NA,NA
"medicLatina","166.
		","TRATAMIENTOS NO FARMACOLÓGICOS EN FIBROMIALGIA: UNA REVISIÓN ACTUAL. (Spanish) ",NA,NA
"medicLatina","167.
		","Segmentación adaptativa de lesiones isquémicas cerebrales a partir de imágenes de difusión de resonancia magnética. (Spanish) ",NA,NA
"medicLatina","168.
		","Evaluación de un componente de inducción al tratamiento con adolescentes usuarios de alcohol del Distrito Federal. (Spanish) ",NA,NA
"medicLatina","169.
		","Efectividad de la citología cérvico-uterina para la detección temprana de cáncer de cuello uterino en el marco del sistema de salud de Colombia. (Spanish) ",NA,NA
"medicLatina","170.
		","Neumomediastino espontáneo asociado con asma casi mortal. Comunicación de un caso. (Spanish) ",NA,NA
"medicLatina","171.
		","Estrategias de prevención primaria y tamización para cáncer colorrectal: ¿cuál estrategia debemos tomar? (Spanish) ",NA,NA
"medicLatina","172.
		","Detección temprana y altamente sensible de citomegalovirus en muestras de plasma humano VIH-positivas. (Spanish) ",NA,NA
"medicLatina","173.
		","Estudio de factores genéticos para cáncer de mama en Colombia. (Spanish) ",NA,NA
"medicLatina","174.
		","Evaluación de la forma de presentación del cáncer mamario por imagen. Experiencia en CT Scanner del Sur. (Spanish) ",NA,NA
"medicLatina","175.
		","PREVALENCIA Y DETERMINANTES DE LAS INFECCIONES VAGINALES EN LAS MUJERES RECLUIDAS EN UNA CÁRCEL COLOMBIANA. (Spanish) ",NA,NA
"medicLatina","176.
		","Tamización de ambliopía en cuidado primario. (Spanish) ",NA,NA
"medicLatina","177.
		","Importancia de la detección temprana de errores innatos del metabolismo. Experiencia de tamizaje metabólico en un periodo de 15 años en el Hospital para el Niño Poblano, Mexico. (Spanish) ",NA,NA
"medicLatina","178.
		","ESTADO ACTUAL DE LA PESQUISA NEUROMETABOLICA NEONATAL. (Spanish) ",NA,NA
"medicLatina","179.
		","Cáncer de testículo. (Spanish) ",NA,NA
"medicLatina","180.
		","Revisión y actualización general en cáncer colorrectal. (Spanish) ",NA,NA
"medicLatina","181.
		","Jornada de prevención y detección de cáncer de piel en personas mayores de 18 años. Medellín, mayo de 2005. Universidad CES. (Spanish) ",NA,NA
"medicLatina","182.
		","Programa de pesquisa neonatal de hipotiroidismo congénito de la provincia de Buenos Aires: 1.377.455 niños evaluados en diez años de experiencia. (Spanish) ",NA,NA
"medicLatina","183.
		","Detección precoz de enfermedad renal en escolares asintománticos de 5 - 12 años en el Centro Educativo 6097 ""Mateo Pumacahua"" Surco - Lima • Setiembre - Octubre 2007. (Spanish) ",NA,NA
"medicLatina","184.
		","Pentalogía de Cantrell. (Spanish) ",NA,NA
"medicLatina","185.
		","Impacto de la duración de la psicosis no tratada (DPNT) en el curso y pronóstico de la esquizofrenia. (Spanish) ",NA,NA
"medicLatina","186.
		","Importancia de la detección temprana de cáncer. (Spanish) ",NA,NA
"medicLatina","187.
		","Enfermedad trofoblástica gestacional. (Spanish) ",NA,NA
"medicLatina","188.
		","Equidad en la Detección del Cáncer de Seno en Colombia. (Spanish) ",NA,NA
"medicLatina","189.
		","Brotes de Burkholderia cepacia en el Instituto Nacional de Pediatría. (Spanish) ",NA,NA
"medicLatina","190.
		","Lineamientos para el manejo, diagnóstico y reporte de cáncer de próstata en especímenes de prostatectomía radical. (Spanish) ",NA,NA
"medicLatina","191.
		","Déficit auditivo en pacientes atendidos en otorrinol aringología del IMSS en Guadalajara. (Spanish) ",NA,NA
"medicLatina","192.
		","Hipertensión arterial sistémica en el niño y adolescente. (Spanish) ",NA,NA
"medicLatina","193.
		","La vacuna contra el virus del papiloma humano: una gran arma para la prevención primaria del cáncer de cuello uterino. (Spanish) ",NA,NA
"medicLatina","194.
		","Incidencia del bacilo de Döderlein y su influencia en la presencia de otros microorganismos en el canal vaginal. (Spanish) ",NA,NA
"medicLatina","195.
		","Resultados preliminares del Programa de Intervención Breve para Adolescentes que Inician el Consumo de Alcohol y otras Drogas. (Spanish) ",NA,NA
"medicLatina","196.
		","Infección necrosante de tejidos blandos: Una variante de la gangrena de Fournier en niños. (Spanish) ",NA,NA
"medicLatina","197.
		","Pharmacological Treatment of Benign Prostatic Hyperplasia Part II: a place for herbal drugs, with focus on Saw palmetto. ",NA,NA
"medicLatina","198.
		","Traducción al español y confiabilidad del Cuestionario de Tamizaje para Síntomas Prodrómicos (PRIME Screen). (Spanish) ",NA,NA
"medicLatina","199.
		","Respuesta al tratamiento de brucelosis en niños. (Spanish) ",NA,NA
"medicLatina","200.
		","Factores asociados con los trastornos de la conducta alimentaria en estudiantes universitarios en Cali, Colombia. (Spanish) ",NA,NA
"medicLatina","201.
		","Incidencia de Afección Miocárdica en Pacientes Afectados de VIH/Sida. (Spanish) ",NA,NA
"medicLatina","202.
		","Identificación de Ureaplasma urealyticum en líquido cefalorraquídeo (LCR) de recién nacidos con sospecha de neuroinfección mediante la reacción en cadena de la polimerasa (PCR). Fase de estandarización. (Spanish) ",NA,NA
"medicLatina","203.
		","Impacto Económico de la Vacuna contra el Neumococo en Pacientes Oncológicos. (Spanish) ",NA,NA
"medicLatina","204.
		","Indicios neuronales de una elevada detección de errores en el trastorno depresivo mayor. (Spanish) ",NA,NA
"medicLatina","205.
		","Uso de triamcinolona intravítrea en edema macular del diabético. (Spanish) ",NA,NA
"medicLatina","206.
		","Impacto Económico de la Vacuna contra el Neumococo en Pacientes Oncológicos. (Spanish) ",NA,NA
"medicLatina","207.
		","Detección temprana de fracasos a tratamiento en pacientes con tuberculosis pulmonar. (Spanish) ",NA,NA
"medicLatina","208.
		","Epidemiología de la coccidioidomicosis en México. (Spanish) ",NA,NA
"medicLatina","209.
		","Informe Preliminar sobre Abuso Fetal en el HIES 2002-2007. (Spanish) ",NA,NA
"medicLatina","210.
		","Hallazgos clínicos, mamográficos y ecográficos en un programa comunitario de tamizaje para detección temprana de cáncer de seno en la ciudad de Bucaramanga. (Spanish) ",NA,NA
"medicLatina","211.
		","Incidencia de delirium en las unidades de Cuidados Intensivos y Cuidados Coronarios del Hospital Central Militar. (Spanish) ",NA,NA
"medicLatina","212.
		","Primary Care Physicians' Perceived Barriers to Cancer Prevention and Control. Comparison in Two Different Environments. ",NA,NA
"medicLatina","213.
		","Proteína C reactiva de alta afinidad como marcador inflamatorio. (Spanish) ",NA,NA
"medicLatina","214.
		","Método de la reacción en cadena de la polimerasa en la detección temprana de Leptospira spp. en hemocultivos de pacientes con sospecha de leptospirosis. (Spanish) ",NA,NA
"medicLatina","215.
		","Evaluación neuropsicológica: diagnóstico diferencial entre el envejecimiento normal y el patológico. (Spanish) ",NA,NA
"medicLatina","216.
		","Imágenes diagnósticas en artritis reumatoide. (Spanish) ",NA,NA
"medicLatina","217.
		","Validez predictiva de la escala de síntomas prodrómicos (SOPS). (Spanish) ",NA,NA
"medicLatina","218.
		","Detección temprana y factores de riesgo asociados al síndrome compartimental abdominal. (Spanish) ",NA,NA
"medicLatina","219.
		","ANTÍGENO PROSTÁTICO ESPECÍFICO TOTAL Y LIBRE EN LA DETECCIÓN TEMPRANA DE CÁNCER DE PROSTATA. (Spanish) ",NA,NA
"medicLatina","220.
		","ANTÍGENO PROSTÁTICO ESPECÍFICO TOTAL Y LIBRE EN LA DETECCIÓN TEMPRANA DE CÁNCER DE PROSTAT. (Spanish) ",NA,NA
"medicLatina","221.
		","Prevalencia de la deglución atípica en pacientes que solicitan tratamiento de ortodoncia. (Spanish) ",NA,NA
"medicLatina","222.
		","Contribución de Enfermería en la prevención y detección temprana de la Sepsis. (Spanish) ",NA,NA
"medicLatina","223.
		","Detección temprana y factores de riesgo asociados al síndrome compartimental abdominal. ",NA,NA
"medicLatina","224.
		","ÍNDICE PREDICTIVO PARA RELAPAROTOMÍAS EN EL PACIENTE OPERADO EN ESTADO CRÍTICO. (Spanish) ",NA,NA
"medicLatina","225.
		","EVALUACIÓN DE UN MODELO DE INTERVENCIÓN BREVE PARA FAMILIARES DE USUARIOS DE ALCOHOL Y DROGAS. UN ESTUDIO PILOTO. (Spanish) ",NA,NA
"medicLatina","226.
		","Developing a combined predictor measure for early detection of psychosis proneness. ",NA,NA
"medicLatina","227.
		","Efectos de la detección temprana sobre el desarrollo psico-social y lingüístico de los niños con pérdidas auditivas permanentes. (Spanish) ",NA,NA
"medicLatina","228.
		","Desconocimiento y detección temprana de melanoma cutáneo: análisis de los factores relacionados con el retraso en el tratamiento (Book). (Spanish) ",NA,NA
"medicLatina","229.
		","Signos de alarma en la detección temprana de problemas emocionales y conductuales en el bebé. ",NA,NA
"medicLatina","230.
		","Nuevas técnias para detección temprana y tratamiento del cáncer de esófago. (Spanish) ",NA,NA
"medicLatina","101.
		","Nanochips y nanosensores para el diagnóstico temprano de cáncer oral: una revisión. ",NA,NA
"medicLatina","102.
		","Managing Aquatic Species of Conservation Concern in the Face of Climate Change and Invasive Species. ",NA,NA
"medicLatina","103.
		","Detección temprana de infección por VHC en sujetos donadores de sangre rechazados por algún factor de riesgo. ",NA,NA
"medicLatina","104.
		","Detección temprana y diagnóstico del cáncer mamario. ",NA,NA
"medicLatina","105.
		","Efficacy of pyrethroid-treated nets against malaria vectors and nuisance-biting mosquitoes in Tanzania in areas with long-term insecticide-treated net use. ",NA,NA
"medicLatina","106.
		","Detección temprana de necesidades del niño de 2-3 años y de su padres respecto a la alimentación. ",NA,NA
"medicLatina","107.
		","Sordera ocupacional: una revisión de su etiología y estrategias de prevención. ",NA,NA
"medicLatina","108.
		","Colaborando para mejorar la calidad de vida de personas con inmunodeficiencias primarias: Semana Internacional de Inmunodeficiencias Primarias 2013. ",NA,NA
"medicLatina","109.
		","El examen físico en las consultas integrales de diabetes mellitus. ",NA,NA
"medicLatina","110.
		","Current status of the programs for detection of hearing loss in children younger than six months in Cali. ",NA,NA
"medicLatina","111.
		","Aplicación de la Modelación Orientada a Aspectos. ",NA,NA
"medicLatina","112.
		","Community-randomized trial of lambdacyhalothrin-treated hammock nets for malaria control in Yanomami communities in the Amazon region of Venezuela. ",NA,NA
"medicLatina","113.
		","Review: Artificial container-breeding mosquitoes and cemeteries: a perfect match. ",NA,NA
"medicLatina","114.
		","Cluster A maladaptive personality patterns in a non-clinical adolescent population. ",NA,NA
"medicLatina","115.
		","Termografía y volumen tisular dependientes del ciclo menstrual en mediciones de espectroscopia de inducción magnética en glándula mamaria. ",NA,NA
"medicLatina","116.
		","Innovación tecnológica para diagnóstico colposcópico de lesiones por virus de papiloma humano. ",NA,NA
"medicLatina","117.
		","Factores sociales y demográficos relacionados con la asistencia al programa de crecimiento y desarrollo. ",NA,NA
"medicLatina","118.
		","Bacteriemia por B. cepacia. ¿Un signo de alarma para la presencia de un brote? ",NA,NA
"medicLatina","119.
		","A new species of the genus Sinoe (Lepidoptera: Gelechiidae: Litini) from Florida. ",NA,NA
"medicLatina","120.
		","Epidemiología de los trastornos de la conducta alimentaria en una muestra representativa de adolescentes. ",NA,NA
"medicLatina","121.
		","Validación de la escala PRIDE (Primary Immunodeficiency Disease Evaluation) para determinar nivel alto de sospecha de inmunodeficiencia primaria en población mexicana. ",NA,NA
"medicLatina","122.
		","Timely detection of bronchiolitis epidemics in Guadeloupe. ",NA,NA
"medicLatina","123.
		","Siameses. ",NA,NA
"medicLatina","124.
		","Asbestosis: epidemiología, prevención y tratamiento. ",NA,NA
"medicLatina","125.
		","Análisis de Valores y Actitudes en Temas Morales en Estudiantes de Educación Secundaria. ",NA,NA
"medicLatina","126.
		","Los movimientos elementales complejos del humano. Desarrollo postnatal. Reporte preliminar de nueve lactantes mexicanos. ",NA,NA
"medicLatina","127.
		","Multidrug-resistant tuberculosis in Port-au-Prince, Haiti. ",NA,NA
"medicLatina","128.
		","Procedimientos para realizar meta-análisis de la precisión de instrumentos de clasificación binaria. ",NA,NA
"medicLatina","129.
		","Depresión y consumo de alcohol y tabaco en estudiantes de bachillerato y licenciatura. ",NA,NA
"medicLatina","130.
		","Valores de referencia de colesterol y triglicéridos en niños. ",NA,NA
"medicLatina","131.
		","Deslizamiento epifi sario de fémur proximal en adolescentes. Factores de riesgo. ",NA,NA
"medicLatina","132.
		","Consideraciones clínicas, diagnósticas y de tratamiento en retinoblastoma. ",NA,NA
"medicLatina","133.
		","EVIDENCIAS DE CALIDAD PSICOMÉTRICA DE LA VERSIÓN EN CASTELLANO DEL SCREEN FOR CHILD ANXIETY RELATED EMOTIONAL DISORDERS (SCARED) DE 41 ITEMS. ",NA,NA
"medicLatina","134.
		","Continuo de conductas alimentarias de riesgo en adolescentes de México. ",NA,NA
"medicLatina","135.
		","Lesión escamosa intraepitelial de bajo grado y su correlación citocolpohistológica. ",NA,NA
"medicLatina","136.
		","Nódulos subcutáneos en la osteodistrofia renal. Utilidad del ultrasonido. ",NA,NA
"medicLatina","137.
		","Levansucrase activity but not fructan accumulation in transgenic lsdA-expressing sugarcane recovered by optimized microprojectile bombardment of embryogenic calli. ",NA,NA
"medicLatina","138.
		","Evaluación y tratamiento de la esquizofrenia en niños y adolescentes: una revisión actualizada. ",NA,NA
"medicLatina","139.
		","Prevalencia y características de la sintomatología depresiva en adolescentes no clínicos. ",NA,NA
"medicLatina","140.
		","Validación de la escala Kessler 10 (K-10) en la detección de depresión y ansiedad en el primer nivel de atención. Propiedades psicométricas. ",NA,NA
"medicLatina","141.
		","Prevalencia del síndrome de burnout en una muestra de Pilotos Aviadores Militares Mexicanos. ",NA,NA
"medicLatina","142.
		","Incidencia de trips en cultivos de hortalizas, granos y viandas. ",NA,NA
"medicLatina","143.
		","Influence of Elevation, Land Use, and Landscape Context on Patterns of Alien Plant Invasions along Roadsides in Protected Areas of South-Central Chile. ",NA,NA
"medicLatina","144.
		","Detección temprana de infección por VHC en sujetos donadores de sangre rechazados por algún factor de riesgo. ",NA,NA
"medicLatina","145.
		","Live Seafood Species as Recipes for Invasion. ",NA,NA
"medicLatina","146.
		","Un Toque Saludable: Detección Temprana del Cáncer del Mamario. ",NA,NA
"medicLatina","147.
		","Cáncer de cuello uterino: análisis de la calidad de un programa. ",NA,NA
"medicLatina","148.
		","Estudio comparativo y aleatorizado para evaluar la calidad de la muestra celular obtenida con la brocha de polietileno vs la espátula de Ayre más el Cytobrush. ",NA,NA
"medicLatina","149.
		","Genética de la taquicardia ventricular polimorfa catecolaminérgica; conceptos básicos. ",NA,NA
"medicLatina","150.
		","ADAPTACIÓN DE LA BATERÍA DE EVALUACIÓN DE LA MEMORIA SEMÁNTICA EN LA DEMENCIA DE TIPO ALZHEIMER (EMSDA) A LA POBLACIÓN DE LA CIUDAD DE BUENOS AIRES. ",NA,NA
